Date;Action;Message;Crypto ValueBTC
1712469198;Waiting;;10.003566899411826085497523308731615543365478515625
1712469199;Open;;10
1712469200;Update;;9.9900000000000002131628207280300557613372802734375
1712469202;Update;;9.9900000000000002131628207280300557613372802734375
1712469204;Update;;9.9900000000000002131628207280300557613372802734375
1712469206;Update;;9.989971000000000600493876845575869083404541015625
1712469208;Update;;9.989971000000000600493876845575869083404541015625
1712469210;Update;;9.98993899999999968031261232681572437286376953125
1712469212;Update;;9.98993899999999968031261232681572437286376953125
1712469214;Update;;9.98993899999999968031261232681572437286376953125
1712469216;Update;;9.98993899999999968031261232681572437286376953125
1712469218;Update;;9.98993899999999968031261232681572437286376953125
1712469220;Update;;9.98993899999999968031261232681572437286376953125
1712469222;Update;;9.98993899999999968031261232681572437286376953125
1712469224;Update;;9.98993899999999968031261232681572437286376953125
1712469226;Update;;9.98993899999999968031261232681572437286376953125
1712469228;Update;;9.9899409999999999598685462842695415019989013671875
1712469230;Update;;9.9899409999999999598685462842695415019989013671875
1712469232;Update;;9.98993899999999968031261232681572437286376953125
1712469234;Update;;9.98993899999999968031261232681572437286376953125
1712469236;Update;;9.98993899999999968031261232681572437286376953125
1712469238;Update;;9.9899409999999999598685462842695415019989013671875
1712469240;Update;;9.9899409999999999598685462842695415019989013671875
1712469242;Update;;9.9899409999999999598685462842695415019989013671875
1712469244;Update;;9.989971000000000600493876845575869083404541015625
1712469246;Update;;9.989971000000000600493876845575869083404541015625
1712469248;Update;;9.9903040000000000731006366549991071224212646484375
1712469250;Update;;9.9903040000000000731006366549991071224212646484375
1712469252;Update;;9.9903040000000000731006366549991071224212646484375
1712469254;Update;;9.9925080000000008340066415257751941680908203125
1712469256;Update;;9.9925080000000008340066415257751941680908203125
1712469258;Update;;9.9925080000000008340066415257751941680908203125
1712469260;Update;;9.9937389999999997058921508141793310642242431640625
1712469262;Update;;9.9937389999999997058921508141793310642242431640625
1712469264;Update;;9.992976999999999776491677039302885532379150390625
1712469266;Update;;9.992976999999999776491677039302885532379150390625
1712469268;Update;;9.992976999999999776491677039302885532379150390625
1712469270;Update;;9.9918099999999991922550179879181087017059326171875
1712469272;Update;;9.9918099999999991922550179879181087017059326171875
1712469274;Update;;9.9918099999999991922550179879181087017059326171875
1712469276;Update;;9.992266000000000758518581278622150421142578125
1712469278;Update;;9.992266000000000758518581278622150421142578125
1712469280;Update;;9.992266000000000758518581278622150421142578125
1712469282;Update;;9.9922009999999996665565049625001847743988037109375
1712469284;Update;;9.9922009999999996665565049625001847743988037109375
1712469286;Update;;9.9925470000000000680984157952480018138885498046875
1712469288;Update;;9.9925470000000000680984157952480018138885498046875
1712469290;Update;;9.9925470000000000680984157952480018138885498046875
1712469292;Update;;9.9925470000000000680984157952480018138885498046875
1712469294;Update;;9.9925470000000000680984157952480018138885498046875
1712469296;Update;;9.9925470000000000680984157952480018138885498046875
1712469298;Update;;9.9903729999999999478177414857782423496246337890625
1712469300;Update;;9.9903729999999999478177414857782423496246337890625
1712469302;Update;;9.9906249999999996447286321199499070644378662109375
1712469304;Update;;9.9906249999999996447286321199499070644378662109375
1712469306;Update;;9.9906249999999996447286321199499070644378662109375
1712469308;Update;;9.9902829999999998022985892021097242832183837890625
1712469310;Update;;9.9902829999999998022985892021097242832183837890625
1712469312;Update;;9.9902829999999998022985892021097242832183837890625
1712469314;Update;;9.9904489999999999128021954675205051898956298828125
1712469316;Update;;9.9904489999999999128021954675205051898956298828125
1712469318;Update;;9.9904489999999999128021954675205051898956298828125
1712469320;Update;;9.9927790000000005221636456553824245929718017578125
1712469322;Update;;9.9927790000000005221636456553824245929718017578125
1712469324;Update;;9.9928469999999993689243638073094189167022705078125
1712469326;Update;;9.9928469999999993689243638073094189167022705078125
1712469328;Update;;9.9928469999999993689243638073094189167022705078125
1712469330;Update;;9.9934110000000000439968061982654035091400146484375
1712469332;Update;;9.9934110000000000439968061982654035091400146484375
1712469334;Update;;9.9934110000000000439968061982654035091400146484375
1712469336;Update;;9.9932929999999995374082573107443749904632568359375
1712469338;Update;;9.9932929999999995374082573107443749904632568359375
1712469340;Update;;9.9937389999999997058921508141793310642242431640625
1712469342;Update;;9.9937389999999997058921508141793310642242431640625
1712469344;Update;;9.9937389999999997058921508141793310642242431640625
1712469346;Update;;9.993142999999999886995283304713666439056396484375
1712469348;Update;;9.993142999999999886995283304713666439056396484375
1712469350;Update;;9.993142999999999886995283304713666439056396484375
1712469352;Update;;9.9921480000000002519300323911011219024658203125
1712469354;Update;;9.9921480000000002519300323911011219024658203125
1712469356;Update;;9.9921480000000002519300323911011219024658203125
1712469358;Update;;9.9927440000000000708268999005667865276336669921875
1712469360;Update;;9.9927440000000000708268999005667865276336669921875
1712469362;Update;;9.993078000000000571390046388842165470123291015625
1712469364;Update;;9.993078000000000571390046388842165470123291015625
1712469366;Update;;9.993078000000000571390046388842165470123291015625
1712469368;Update;;9.99343400000000059435478760860860347747802734375
1712469370;Update;;9.99343400000000059435478760860860347747802734375
1712469372;Update;;9.99343400000000059435478760860860347747802734375
1712469374;Update;;9.993142999999999886995283304713666439056396484375
1712469376;Update;;9.993142999999999886995283304713666439056396484375
1712469378;Update;;9.9937389999999997058921508141793310642242431640625
1712469380;Update;;9.9937389999999997058921508141793310642242431640625
1712469382;Update;;9.9937389999999997058921508141793310642242431640625
1712469384;Update;;9.9931439999999991385948305833153426647186279296875
1712469386;Update;;9.9931439999999991385948305833153426647186279296875
1712469388;Update;;9.9931439999999991385948305833153426647186279296875
1712469390;Update;;9.9923900000000003274180926382541656494140625
1712469392;Update;;9.9923900000000003274180926382541656494140625
1712469411;Update;;9.99028200000000055069904192350804805755615234375
1712469412;Update;;9.99028200000000055069904192350804805755615234375
1712469414;Update;;9.99028200000000055069904192350804805755615234375
1712469416;Update;;9.990956000000000614136297372169792652130126953125
1712469418;Update;;9.990956000000000614136297372169792652130126953125
1712469420;Update;;9.990956000000000614136297372169792652130126953125
1712469422;Update;;9.990539999999999309920895029790699481964111328125
1712469424;Update;;9.990539999999999309920895029790699481964111328125
1712469426;Update;;9.990539999999999309920895029790699481964111328125
1712469428;Update;;9.9899409999999999598685462842695415019989013671875
1712469430;Update;;9.9899409999999999598685462842695415019989013671875
1712469432;Update;;9.9899409999999999598685462842695415019989013671875
1712469468;Update;;9.98981500000000011141310096718370914459228515625
1712469470;Update;;9.98981500000000011141310096718370914459228515625
1712469472;Update;;9.9899409999999999598685462842695415019989013671875
1712469474;Update;;9.9899409999999999598685462842695415019989013671875
1712469476;Update;;9.9897779999999993805204212549142539501190185546875
1712469495;Update;;9.990956000000000614136297372169792652130126953125
1712469496;Update;;9.990956000000000614136297372169792652130126953125
1712469498;Update;;9.990987000000000506361175212077796459197998046875
1712469500;Update;;9.990987000000000506361175212077796459197998046875
1712470268;Update;;10.00768000000000057525539887137711048126220703125
1712470269;Update;;10.00768000000000057525539887137711048126220703125
1712470271;Update;;10.00768000000000057525539887137711048126220703125
1712470273;Update;;10.00807999999999964302332955412566661834716796875
1712470275;Update;;10.00807999999999964302332955412566661834716796875
1712470473;Update;;10.003679999999999239435055642388761043548583984375
1712470474;Update;;10.003679999999999239435055642388761043548583984375
1712470475;Update;;10.003679999999999239435055642388761043548583984375
1712470477;Update;;10.003679999999999239435055642388761043548583984375
1712470479;Update;;10.0031599999999993855226421146653592586517333984375
1712470481;Update;;10.0031599999999993855226421146653592586517333984375
1712470529;Update;;10.00310999999999950205165077932178974151611328125
1712470530;Update;;10.00310999999999950205165077932178974151611328125
1712470532;Update;;10.003280000000000171667124959640204906463623046875
1712470605;Update;;9.997583999999999804231265443377196788787841796875
1712470606;Update;;9.997583999999999804231265443377196788787841796875
1712470608;Update;;9.997322000000000485897544422186911106109619140625
1712470660;Update;;9.9904390000000002913793650805018842220306396484375
1712470662;Update;;9.9904390000000002913793650805018842220306396484375
1712470664;Update;;9.9905720000000002301021595485508441925048828125
1712470666;Update;;9.9905720000000002301021595485508441925048828125
1712470668;Update;;9.9912569999999991665617926628328859806060791015625
1712470670;Update;;9.9912569999999991665617926628328859806060791015625
1712470672;Update;;9.9912569999999991665617926628328859806060791015625
1712470674;Update;;9.991590999999999667124939151108264923095703125
1712470676;Update;;9.991590999999999667124939151108264923095703125
1712470678;Update;;9.991590999999999667124939151108264923095703125
1712470680;Update;;9.9909920000000003170725904055871069431304931640625
1712470682;Update;;9.9909920000000003170725904055871069431304931640625
1712470684;Update;;9.9909920000000003170725904055871069431304931640625
1712470686;Update;;9.990933999999999315377863240428268909454345703125
1712470688;Update;;9.990933999999999315377863240428268909454345703125
1712470690;Update;;9.99097199999999929787009023129940032958984375
1712470692;Update;;9.99097199999999929787009023129940032958984375
1712470694;Update;;9.99097199999999929787009023129940032958984375
1712470696;Update;;9.991884999999999905639924691058695316314697265625
1712470698;Update;;9.991884999999999905639924691058695316314697265625
1712470700;Update;;9.991884999999999905639924691058695316314697265625
1712470702;Update;;9.99095799999999911733539192937314510345458984375
1712470704;Update;;9.99095799999999911733539192937314510345458984375
1712470725;Update;;9.9920919999999995297912391833961009979248046875
1712470726;Update;;9.9920919999999995297912391833961009979248046875
1712470728;Update;;9.99343999999999965666575008071959018707275390625
1712470730;Update;;9.99343999999999965666575008071959018707275390625
1712470758;Update;;9.9957089999999997331769918673671782016754150390625
1712470760;Update;;9.9957089999999997331769918673671782016754150390625
1712470816;Update;;9.9993479999999994589643392828293144702911376953125
1712470818;Update;;9.9993479999999994589643392828293144702911376953125
1712470820;Update;;9.9993619999999996394990375847555696964263916015625
1712470822;Update;;9.9993619999999996394990375847555696964263916015625
1712470824;Update;;9.9993619999999996394990375847555696964263916015625
1712470826;Update;;9.9990590000000008075176083366386592388153076171875
1712470828;Update;;9.9990590000000008075176083366386592388153076171875
1712470830;Update;;9.9990590000000008075176083366386592388153076171875
1712470832;Update;;10.0002300000000001745092959026806056499481201171875
1712470834;Update;;10.0002300000000001745092959026806056499481201171875
1712470836;Update;;10.0002300000000001745092959026806056499481201171875
1712470838;Update;;10.0002300000000001745092959026806056499481201171875
1712470840;Update;;10.0002300000000001745092959026806056499481201171875
1712470842;Update;;9.9995150000000005974243322270922362804412841796875
1712470844;Update;;9.9995150000000005974243322270922362804412841796875
1712470846;Update;;9.9995150000000005974243322270922362804412841796875
1712470868;Update;;9.996703000000000116642695502378046512603759765625
1712470869;Update;;9.996190999999999604597178404219448566436767578125
1712470873;Update;;9.996190999999999604597178404219448566436767578125
1712470907;Update;;10.000679999999999125748217920772731304168701171875
1712470908;Update;;10.000679999999999125748217920772731304168701171875
1712470910;Update;;10.000679999999999125748217920772731304168701171875
1712470912;Update;;10.000679999999999125748217920772731304168701171875
1712470914;Update;;10.000679999999999125748217920772731304168701171875
1712471132;Update;;10.0170399999999997220356817706488072872161865234375
1712471133;Update;;10.0170399999999997220356817706488072872161865234375
1712471135;Update;;10.014559999999999462261257576756179332733154296875
1712471137;Update;;10.014559999999999462261257576756179332733154296875
1712471139;Update;;10.014559999999999462261257576756179332733154296875
1712471141;Update;;10.014939999999999287183527485467493534088134765625
1712471143;Update;;10.014939999999999287183527485467493534088134765625
1712471145;Update;;10.014939999999999287183527485467493534088134765625
1712471147;Update;;10.014939999999999287183527485467493534088134765625
1712471149;Update;;10.014939999999999287183527485467493534088134765625
1712471151;Update;;10.014939999999999287183527485467493534088134765625
1712471153;Update;;10.014939999999999287183527485467493534088134765625
1712471155;Update;;10.014939999999999287183527485467493534088134765625
1712471157;Update;;10.0148600000000005394440449890680611133575439453125
1712471159;Update;;10.0148600000000005394440449890680611133575439453125
1712471161;Update;;10.0137699999999991717913871980272233486175537109375
1712471163;Update;;10.0137699999999991717913871980272233486175537109375
1712471165;Update;;10.0137699999999991717913871980272233486175537109375
1712471167;Update;;10.0155300000000000437694325228221714496612548828125
1712471169;Update;;10.0155300000000000437694325228221714496612548828125
1712471171;Update;;10.0155300000000000437694325228221714496612548828125
1712471173;Update;;10.0142100000000002779643182293511927127838134765625
1712471175;Update;;10.0142100000000002779643182293511927127838134765625
1712471177;Update;;10.0142100000000002779643182293511927127838134765625
1712471179;Update;;10.014920000000000044337866711430251598358154296875
1712471181;Update;;10.014920000000000044337866711430251598358154296875
1712471183;Update;;10.014920000000000044337866711430251598358154296875
1712471185;Update;;10.014920000000000044337866711430251598358154296875
1712471187;Update;;10.014920000000000044337866711430251598358154296875
1712471189;Update;;10.0149899999999991706545188208110630512237548828125
1712471191;Update;;10.0149899999999991706545188208110630512237548828125
1712471193;Update;;10.0149899999999991706545188208110630512237548828125
1712471195;Update;;10.0149899999999991706545188208110630512237548828125
1712471197;Update;;10.0149899999999991706545188208110630512237548828125
1712471199;Update;;10.0153400000000001313082975684665143489837646484375
1712471201;Update;;10.0153400000000001313082975684665143489837646484375
1712471203;Update;;10.0153400000000001313082975684665143489837646484375
1712471205;Update;;10.015129999999999199644662439823150634765625
1712471207;Update;;10.015129999999999199644662439823150634765625
1712471209;Update;;10.015129999999999199644662439823150634765625
1712471211;Update;;10.0175099999999996924771039630286395549774169921875
1712471213;Update;;10.0175099999999996924771039630286395549774169921875
1712471215;Update;;10.0175099999999996924771039630286395549774169921875
1712471217;Update;;10.0175099999999996924771039630286395549774169921875
1712471219;Update;;10.0175099999999996924771039630286395549774169921875
1712471221;Update;;10.0175099999999996924771039630286395549774169921875
1712471223;Update;;10.0175099999999996924771039630286395549774169921875
1712471225;Update;;10.0175099999999996924771039630286395549774169921875
1712471227;Update;;10.0172200000000000130739863379858434200286865234375
1712471229;Update;;10.0172200000000000130739863379858434200286865234375
1712471231;Update;;10.0172200000000000130739863379858434200286865234375
1712471233;Update;;10.0172200000000000130739863379858434200286865234375
1712471235;Update;;10.0172200000000000130739863379858434200286865234375
1712471237;Update;;10.01659000000000077079675975255668163299560546875
1712471239;Update;;10.01659000000000077079675975255668163299560546875
1712471241;Update;;10.01659000000000077079675975255668163299560546875
1712471243;Update;;10.0172200000000000130739863379858434200286865234375
1712471245;Update;;10.0172200000000000130739863379858434200286865234375
1712471247;Update;;10.0172200000000000130739863379858434200286865234375
1712471249;Update;;10.0172200000000000130739863379858434200286865234375
1712471251;Update;;10.0172200000000000130739863379858434200286865234375
1712471253;Update;;10.0172200000000000130739863379858434200286865234375
1712471255;Update;;10.01577999999999946112438919954001903533935546875
1712471257;Update;;10.01577999999999946112438919954001903533935546875
1712471259;Update;;10.016600000000000392219590139575302600860595703125
1712471261;Update;;10.016600000000000392219590139575302600860595703125
1712471263;Update;;10.016600000000000392219590139575302600860595703125
1712471265;Update;;10.018570000000000419504431192763149738311767578125
1712471267;Update;;10.018570000000000419504431192763149738311767578125
1712471269;Update;;10.018570000000000419504431192763149738311767578125
1712471271;Update;;10.018409999999999371311787399463355541229248046875
1712471273;Update;;10.018409999999999371311787399463355541229248046875
1712471275;Update;;10.018390000000000128466126625426113605499267578125
1712471277;Update;;10.018390000000000128466126625426113605499267578125
1712471279;Update;;10.018390000000000128466126625426113605499267578125
1712471281;Update;;10.0183599999999994878407960641197860240936279296875
1712471283;Update;;10.0183599999999994878407960641197860240936279296875
1712471285;Update;;10.0183599999999994878407960641197860240936279296875
1712471287;Update;;10.0190199999999993707433532108552753925323486328125
1712471289;Update;;10.0190199999999993707433532108552753925323486328125
1712471291;Update;;10.0190000000000001278976924368180334568023681640625
1712471293;Update;;10.0190000000000001278976924368180334568023681640625
1712471312;Update;;10.0188500000000004774847184307873249053955078125
1712471317;Mantain;After analyzing the updated indicators, including RSI, MACD, MA, EMA, BBands, and Fibonacci Retracement, I have decided to agree with the previous position of LONG. The RSI is indicating a neutral position, the MACD is showing a bullish trend, and the MA and EMA are both above the current price, suggesting a potential upward movement. Additionally, the BBands are indicating a possible continuation of the uptrend, and the Fibonacci Retracement supports the current bullish trend. Therefore, I see no significant reason to change the position at this time.;10.019999999999999573674358543939888477325439453125
1712471317;Update;;10.0188500000000004774847184307873249053955078125
1712471320;Update;;10.0188500000000004774847184307873249053955078125
1712471322;Mantain;After analyzing the updated indicators, I have decided to agree with the previous long position. The RSI values are showing a slight uptrend, the MACD is indicating a positive momentum, and the Bollinger Bands are also suggesting a potential increase in price. Additionally, the Fibonacci retracement is indicating an overall uptrend. Therefore, I will maintain the long position and continue monitoring the market for further opportunities.;10.019999999999999573674358543939888477325439453125
1712471322;Update;;10.0188500000000004774847184307873249053955078125
1712471386;Update;;10.0146999999999994912514011957682669162750244140625
1712471390;Update;;10.0146999999999994912514011957682669162750244140625
1712471390;Update;;10.01520000000000010231815394945442676544189453125
1712471390;Mantain;Based on the latest indicators, such as RSI, MACD, MA, EMA, Bollinger Bands and Fibonacci Retracement, the trend is still indicating a strong uptrend for the currency pair BTC/USDT. The RSI value is above 50, MACD is showing positive momentum, MA and EMA are both trending upwards, Bollinger Bands are expanding, and Fibonacci Retracement also indicates an uptrend. Therefore, I recommend agreeing with the last position of LONG and holding the trade.;10.0099999999999997868371792719699442386627197265625
1712471393;Mantain;The indicators are showing positive signs for the current LONG position. The RSI value is increasing, the MACD histogram is moving in a positive direction, and the price is above the EMA and Bollinger Bands middle line. Additionally, the Fibonacci retracement also indicates an uptrend. Therefore, it is recommended to maintain the current LONG position.;10.019999999999999573674358543939888477325439453125
1712471393;Update;;10.01520000000000010231815394945442676544189453125
1712471394;Update;;10.01520000000000010231815394945442676544189453125
1712471397;Update;;10.01604999999999989768184605054557323455810546875
1712471397;Mantain;Based on the updated indicators, the RSI is still showing an uptrend with values above 50, indicating a potential continuation of the bullish momentum. The MACD is also showing a positive trend with the MACD line above the signal line. Additionally, the moving averages (MA and EMA) are both trending upwards. The Bollinger Bands are indicating an upward trend as well. Considering all these indicators, it is recommended to agree with the previous LONG position.;10.019999999999999573674358543939888477325439453125
1712471398;Update;;10.01604999999999989768184605054557323455810546875
1712471401;Mantain;Based on the current indicators, such as RSI, MACD, Moving Average and Bollinger Bands, the market trend is still showing bullish signs. The Fibonacci Retracement also indicates an uptrend. Therefore, I recommend to agree with the previous LONG position.;10.019999999999999573674358543939888477325439453125
1712471401;Update;;10.0167599999999996640553945326246321201324462890625
1712471401;Update;;10.01604999999999989768184605054557323455810546875
1712471405;Update;;10.0167599999999996640553945326246321201324462890625
1712471405;Mantain;Based on the updated indicators, the RSI is still indicating a bullish trend with values around 57. The MACD values are also showing a positive growth trend, with the MACD line consistently above the Signal line. Additionally, the Bollinger Bands are indicating a potential uptrend with the current price still below the upper band. The Fibonacci retracement values are also suggesting an upward movement. Therefore, I will continue to hold the LONG position as the indicators are still supporting a bullish trend.;10.019999999999999573674358543939888477325439453125
1712471406;Update;;10.0162099999999991695176504435949027538299560546875
1712471409;Update;;10.0162099999999991695176504435949027538299560546875
1712471409;Mantain;Based on the indicators provided, the RSI is showing a slight decrease but still within the acceptable range for a LONG position. The MACD histogram is also showing a slight decrease but the overall trend is still positive. The moving averages and Bollinger Bands are also indicating a potential continuation of the upward trend. Therefore, I recommend to AGREE with the current LONG position and hold for now.;10.019999999999999573674358543939888477325439453125
1712471544;Update;;10.018679999999999807869244250468909740447998046875
1712471547;Update;;10.018679999999999807869244250468909740447998046875
1712471547;Mantain;Based on the updated indicators, including RSI, MACD, MA, EMA, Bollinger Bands, and Fibonacci Retracement, there are no clear signals indicating a reversal in the current uptrend. Therefore, I recommend agreeing with the previous LONG position to continue holding the trade.;10.019999999999999573674358543939888477325439453125
1712471548;Update;;10.01924999999999954525264911353588104248046875
1712471552;Mantain;Based on the current indicators, including RSI, MACD, MA, EMA, Bollinger Bands, and Fibonacci Retracement, as well as the current profit of 0.03%, it is recommended to AGREE with the previous LONG position. The RSI value seems stable around 57, indicating a neutral to slightly bullish sentiment. The MACD values show a positive trend, with the MACD line above the signal line. The MA and EMA values also support the bullish trend. Bollinger Bands suggest a potential uptrend continuation. Additionally, Fibonacci Retracement indicates an uptrend. Overall, considering the indicators and the current profit, it is advisable to maintain the LONG position.;10.019999999999999573674358543939888477325439453125
1712471552;Update;;10.019130000000000535465005668811500072479248046875
1712471552;Update;;10.01924999999999954525264911353588104248046875
1712471556;Update;;10.019130000000000535465005668811500072479248046875
1712471556;Mantain;Based on the indicators provided, the RSI is indicating a slightly overbought condition but still within acceptable levels for a long position. The MACD histogram is showing a slight decrease in bullish momentum but still above the signal line. The moving averages (MA and EMA) are both trending upwards, indicating a bullish trend. The Bollinger Bands are still widening, suggesting potential for further upside movement. The Fibonacci retracement levels also indicate an uptrend. Therefore, I recommend agreeing with the current long position.;10.019999999999999573674358543939888477325439453125
1712471556;Update;;10.019130000000000535465005668811500072479248046875
1712471560;Update;;10.01774999999999948840923025272786617279052734375
1712471560;Mantain;After analyzing the updated indicators, including RSI, MACD, MA, EMA, Bollinger Bands, and Fibonacci Retracement, I have decided to agree with the previous position of LONG. The RSI is showing a stable value around 57, indicating a potential uptrend continuation. The MACD histogram is also positive, suggesting bullish momentum. The moving averages are trending upwards, further supporting the bullish bias. Additionally, the Bollinger Bands are widening, indicating increased volatility but potential for further upside. The Fibonacci Retracement is also in an uptrend, supporting the decision to maintain the LONG position. Overall, based on the current market conditions and indicators, I believe it is best to continue holding the LONG position.;10.019999999999999573674358543939888477325439453125
1712471561;Update;;10.01774999999999948840923025272786617279052734375
1712471564;Update;;10.01774999999999948840923025272786617279052734375
1712471564;Mantain;Based on the updated indicators, such as RSI, MACD, MA, EMA, BBands, and Fibonacci Retracement, the current market conditions support the continuation of the long position. The RSI value is stable and not indicating an overbought condition, the MACD line is above the signal line with a positive histogram, the MA and EMA values are showing an upward trend, the price is within the BBands boundaries, and the Fibonacci Retracement levels confirm an uptrend. Therefore, it is recommended to AGREE with the current LONG position.;10.019999999999999573674358543939888477325439453125
1712471565;Update;;10.017160000000000508180164615623652935028076171875
1712471568;Close;After analyzing the updated indicators, I have decided to change my position from LONG to SHORT. The RSI values have been decreasing, indicating a potential downward trend. Additionally, the MACD histogram has been decreasing, suggesting a possible reversal in the trend. The Bollinger Bands have also started to contract, indicating a potential decrease in volatility. Therefore, I believe it is prudent to close the LONG position and open a new SHORT position.;10.019999999999999573674358543939888477325439453125
1712471568;Update;;10.017160000000000508180164615623652935028076171875
